scope,entity,metric,direction,start_month,end_month,months_affected,worst_value,baseline,peak_robust_z,severity,method
network,Bamboo Health,match_rate,drop,2025-11,2026-02,4,0.765,0.787,-6.7,high,robust_zscore
network,Carequality,match_rate,drop,2025-11,2026-02,4,0.779,0.805,-6.17,high,robust_zscore
network,PointClickCare,match_rate,drop,2025-11,2026-02,4,0.742,0.767,-6.03,high,robust_zscore
network,Quest Labs,match_rate,drop,2025-11,2026-02,4,0.799,0.824,-5.2,high,robust_zscore
network,Surescripts,match_rate,drop,2025-11,2026-02,4,0.846,0.871,-7.12,high,robust_zscore
network+data_type,Bamboo Health / adt_events,match_rate,drop,2025-11,2026-02,4,0.765,0.787,-6.7,high,robust_zscore
network+data_type,Carequality / allergies,match_rate,drop,2025-11,2026-02,4,0.779,0.805,-6.17,high,robust_zscore
network+data_type,Carequality / conditions,match_rate,drop,2025-11,2026-02,4,0.779,0.805,-6.17,high,robust_zscore
network+data_type,Carequality / documents,match_rate,drop,2025-11,2026-02,4,0.779,0.805,-6.17,high,robust_zscore
network+data_type,Carequality / encounters,match_rate,drop,2025-11,2026-02,4,0.779,0.805,-6.17,high,robust_zscore
network+data_type,Carequality / immunizations,match_rate,drop,2025-11,2026-02,4,0.779,0.805,-6.17,high,robust_zscore
network+data_type,Carequality / labs,match_rate,drop,2025-11,2026-02,4,0.779,0.805,-6.17,high,robust_zscore
network+data_type,Carequality / medications,match_rate,drop,2025-11,2026-02,4,0.779,0.805,-6.17,high,robust_zscore
network+data_type,CommonWell / encounters,coverage_rate,drop,2025-11,2026-02,4,0.478,0.497,-5.14,high,robust_zscore
network+data_type,CommonWell / medications,coverage_rate,drop,2025-11,2026-02,4,0.478,0.497,-5.37,high,robust_zscore
network+data_type,PointClickCare / adt_events,match_rate,drop,2025-11,2026-02,4,0.742,0.767,-6.03,high,robust_zscore
network+data_type,Quest Labs / labs,match_rate,drop,2025-11,2026-02,4,0.799,0.824,-5.2,high,robust_zscore
network+data_type,Surescripts / medications,match_rate,drop,2025-11,2026-02,4,0.846,0.871,-7.12,high,robust_zscore
state+network,AZ / Carequality,coverage_rate,spike,2026-03,2026-06,4,0.652,0.578,4.76,high,robust_zscore
state+network,GA / Bamboo Health,match_rate,drop,2025-11,2026-02,4,0.726,0.792,-4.04,high,robust_zscore
state+network,GA / Quest Labs,match_rate,drop,2025-11,2026-02,4,0.754,0.82,-4.76,high,robust_zscore
state+network,OK / Bamboo Health,match_rate,drop,2025-11,2026-02,4,0.681,0.79,-4.66,high,robust_zscore
state+network,OK / CommonWell,coverage_rate,drop,2025-11,2026-02,4,0.367,0.428,-4.06,high,robust_zscore
state+network,OK / CommonWell,match_rate,drop,2025-11,2026-02,4,0.645,0.751,-4.82,high,robust_zscore
state+network,OK / Quest Labs,match_rate,drop,2025-11,2026-02,4,0.707,0.822,-4.97,high,robust_zscore
state+network,PA / Surescripts,match_rate,drop,2025-11,2026-02,4,0.782,0.857,-6.11,high,robust_zscore
customer,Elation Direct,median_freshness_days,spike,2026-04,2026-05,2,11.4,10.225,5.28,high,robust_zscore
customer,Motive Care,median_freshness_days,spike,2026-04,2026-05,2,11.8,10.025,5.99,high,robust_zscore
network,Quest Labs,median_freshness_days,spike,2026-04,2026-05,2,19.3,3.2,108.59,high,robust_zscore
network,Surescripts,coverage_rate,drop,2026-01,2026-02,2,0.715,0.742,-4.17,high,robust_zscore
network+data_type,Quest Labs / labs,median_freshness_days,spike,2026-04,2026-05,2,19.0,3.2,106.57,high,robust_zscore
network+data_type,Surescripts / medications,coverage_rate,drop,2026-01,2026-02,2,0.715,0.742,-4.17,high,robust_zscore
state+network,AL / Quest Labs,median_freshness_days,spike,2026-04,2026-05,2,20.6,3.125,42.86,high,robust_zscore
state+network,AL / Surescripts,median_freshness_days,drop,2025-11,2025-12,2,2.1,2.575,-4.27,high,robust_zscore
state+network,AZ / Quest Labs,median_freshness_days,spike,2026-04,2026-05,2,19.35,2.9,40.35,high,robust_zscore
state+network,CA / Quest Labs,median_freshness_days,spike,2026-04,2026-05,2,19.0,3.2,213.14,high,robust_zscore
state+network,CO / Quest Labs,median_freshness_days,spike,2026-04,2026-05,2,18.2,3.3,44.67,high,robust_zscore
state+network,FL / Quest Labs,median_freshness_days,spike,2026-04,2026-05,2,20.0,3.55,27.74,high,robust_zscore
state+network,GA / Quest Labs,median_freshness_days,spike,2026-04,2026-05,2,20.8,3.325,94.3,high,robust_zscore
state+network,ID / Quest Labs,median_freshness_days,spike,2026-04,2026-05,2,21.0,3.05,22.01,high,robust_zscore
state+network,IL / Quest Labs,median_freshness_days,spike,2026-04,2026-05,2,19.3,3.4,21.45,high,robust_zscore
state+network,KY / CommonWell,median_freshness_days,spike,2025-07,2025-08,2,14.7,12.25,4.72,high,robust_zscore
state+network,KY / Quest Labs,median_freshness_days,spike,2026-04,2026-05,2,21.3,3.1,27.28,high,robust_zscore
state+network,LA / Quest Labs,median_freshness_days,spike,2026-04,2026-05,2,20.65,3.175,52.39,high,robust_zscore
state+network,MA / Quest Labs,median_freshness_days,spike,2026-04,2026-05,2,20.1,3.35,37.66,high,robust_zscore
state+network,MD / CommonWell,coverage_rate,drop,2026-03,2026-04,2,0.563,0.586,-5.63,high,robust_zscore
state+network,MD / Quest Labs,median_freshness_days,spike,2026-04,2026-05,2,20.1,3.45,28.08,high,robust_zscore
state+network,MI / Quest Labs,median_freshness_days,spike,2026-04,2026-05,2,19.4,2.85,37.21,high,robust_zscore
state+network,MS / Quest Labs,median_freshness_days,spike,2026-04,2026-05,2,21.1,3.45,34.01,high,robust_zscore
state+network,MT / Quest Labs,median_freshness_days,spike,2026-04,2026-05,2,19.5,3.45,21.65,high,robust_zscore
state+network,NC / Quest Labs,median_freshness_days,spike,2026-04,2026-05,2,20.7,3.35,21.28,high,robust_zscore
state+network,NJ / Quest Labs,median_freshness_days,spike,2026-04,2026-05,2,21.7,3.45,35.17,high,robust_zscore
state+network,NM / Quest Labs,median_freshness_days,spike,2026-04,2026-05,2,19.8,3.3,31.8,high,robust_zscore
state+network,NV / Quest Labs,median_freshness_days,spike,2026-04,2026-05,2,20.5,3.25,77.57,high,robust_zscore
state+network,NY / Quest Labs,median_freshness_days,spike,2026-04,2026-05,2,20.0,3.1,20.73,high,robust_zscore
state+network,OH / Quest Labs,median_freshness_days,spike,2026-04,2026-05,2,21.05,3.225,53.44,high,robust_zscore
state+network,OK / Quest Labs,median_freshness_days,spike,2026-04,2026-05,2,17.5,3.425,18.99,high,robust_zscore
state+network,OR / Quest Labs,median_freshness_days,spike,2026-04,2026-05,2,18.9,3.4,34.85,high,robust_zscore
state+network,PA / Quest Labs,median_freshness_days,spike,2026-04,2026-05,2,18.5,3.225,31.7,high,robust_zscore
state+network,TN / Bamboo Health,match_rate,drop,2025-11,2025-12,2,0.763,0.811,-5.24,high,robust_zscore
state+network,TN / Quest Labs,median_freshness_days,spike,2026-04,2026-05,2,20.7,3.05,36.63,high,robust_zscore
state+network,TX / Quest Labs,median_freshness_days,spike,2026-04,2026-05,2,20.4,3.05,78.02,high,robust_zscore
state+network,UT / Quest Labs,median_freshness_days,spike,2026-04,2026-05,2,21.5,3.425,28.69,high,robust_zscore
state+network,VA / Quest Labs,median_freshness_days,drop,2025-08,2025-09,2,2.4,3.65,-4.22,high,robust_zscore
state+network,VA / Quest Labs,median_freshness_days,spike,2026-04,2026-05,2,21.4,3.65,59.86,high,robust_zscore
state+network,WA / Quest Labs,median_freshness_days,spike,2026-04,2026-05,2,19.0,3.325,52.86,high,robust_zscore
state+network,WI / Quest Labs,median_freshness_days,spike,2026-04,2026-05,2,20.2,3.45,37.66,high,robust_zscore
state+network,WY / Quest Labs,median_freshness_days,spike,2026-04,2026-05,2,18.8,3.2,35.07,high,robust_zscore
customer,Cascade Kidney,coverage_rate,spike,2026-06,2026-06,1,0.596,0.566,6.39,high,robust_zscore
customer,Elation Direct,match_rate,spike,2026-06,2026-06,1,0.822,0.817,4.15,high,robust_zscore
customer,Harborview VBC,median_freshness_days,drop,2025-07,2025-07,1,8.6,9.975,-4.12,high,robust_zscore
customer,Lumen Behavioral,median_freshness_days,spike,2026-04,2026-04,1,11.4,10.225,4.53,high,robust_zscore
customer,Oak Grove Health,coverage_rate,drop,2026-02,2026-02,1,0.445,0.485,-4.86,high,robust_zscore
customer,Oak Grove Health,match_rate,spike,2025-10,2025-10,1,0.788,0.778,4.98,high,robust_zscore
network,Carequality,median_freshness_days,drop,2026-04,2026-04,1,11.9,12.3,-5.4,high,robust_zscore
network,Carequality,median_freshness_days,spike,2025-09,2025-09,1,12.6,12.3,4.05,high,robust_zscore
network+data_type,CommonWell / labs,median_freshness_days,drop,2025-12,2025-12,1,2.8,3.2,-5.4,high,robust_zscore
network+data_type,Quest Labs / labs,median_freshness_days,spike,2026-04,2026-04,1,19.3,3.2,108.59,high,robust_zscore
network+data_type,Quest Labs / labs,median_freshness_days,spike,2026-05,2026-05,1,19.0,7.0,,high,slo_breach
state+network,AZ / Carequality,median_freshness_days,drop,2026-03,2026-03,1,10.55,12.05,-4.5,high,robust_zscore
state+network,AZ / CommonWell,median_freshness_days,spike,2025-10,2025-10,1,14.5,12.45,4.25,high,robust_zscore
state+network,AZ / CommonWell,median_freshness_days,spike,2026-03,2026-03,1,14.4,12.45,4.05,high,robust_zscore
state+network,CA / CommonWell,match_rate,drop,2026-03,2026-03,1,0.738,0.754,-4.35,high,robust_zscore
state+network,CA / CommonWell,median_freshness_days,drop,2026-06,2026-06,1,11.25,12.475,-4.72,high,robust_zscore
state+network,CA / PointClickCare,match_rate,drop,2026-01,2026-01,1,0.749,0.777,-6.93,high,robust_zscore
state+network,CA / Quest Labs,median_freshness_days,spike,2025-07,2025-07,1,3.6,3.2,5.4,high,robust_zscore
state+network,CA / Quest Labs,median_freshness_days,spike,2025-10,2025-10,1,3.8,3.2,8.09,high,robust_zscore
state+network,CA / Surescripts,coverage_rate,drop,2026-02,2026-02,1,0.738,0.776,-9.79,high,robust_zscore
state+network,CA / Surescripts,coverage_rate,spike,2025-07,2025-07,1,0.795,0.776,5.12,high,robust_zscore
state+network,CO / Bamboo Health,match_rate,drop,2026-01,2026-01,1,0.78,0.809,-6.13,high,robust_zscore
state+network,FL / Carequality,coverage_rate,drop,2026-02,2026-02,1,0.293,0.525,-9.73,high,robust_zscore
state+network,FL / Quest Labs,coverage_rate,spike,2025-09,2025-09,1,0.417,0.38,4.13,high,robust_zscore
state+network,GA / Carequality,coverage_rate,drop,2026-02,2026-02,1,0.329,0.614,-4.75,high,robust_zscore
state+network,GA / Surescripts,median_freshness_days,drop,2025-12,2025-12,1,2.1,2.875,-5.23,high,robust_zscore
state+network,ID / Bamboo Health,coverage_rate,drop,2026-06,2026-06,1,0.301,0.331,-5.2,high,robust_zscore
state+network,ID / CommonWell,median_freshness_days,spike,2025-11,2025-11,1,14.9,12.2,4.05,high,robust_zscore
state+network,IL / PointClickCare,coverage_rate,drop,2025-07,2025-07,1,0.32,0.367,-5.3,high,robust_zscore
state+network,IL / PointClickCare,coverage_rate,drop,2026-04,2026-04,1,0.315,0.367,-5.92,high,robust_zscore
state+network,IL / Quest Labs,match_rate,spike,2025-07,2025-07,1,0.891,0.86,4.18,high,robust_zscore
state+network,LA / Quest Labs,match_rate,drop,2026-03,2026-03,1,0.791,0.825,-4.29,high,robust_zscore
state+network,MD / Carequality,coverage_rate,drop,2026-02,2026-02,1,0.403,0.735,-10.04,high,robust_zscore
state+network,MD / Surescripts,coverage_rate,spike,2025-07,2025-07,1,0.922,0.857,4.1,high,robust_zscore
state+network,MI / CommonWell,coverage_rate,spike,2026-04,2026-04,1,0.565,0.532,5.4,high,robust_zscore
state+network,MI / CommonWell,median_freshness_days,spike,2026-01,2026-01,1,15.2,12.25,4.42,high,robust_zscore
state+network,MI / PointClickCare,coverage_rate,spike,2025-07,2025-07,1,0.411,0.373,4.14,high,robust_zscore
state+network,MS / Bamboo Health,match_rate,drop,2025-08,2025-08,1,0.764,0.78,-4.67,high,robust_zscore
state+network,MS / Bamboo Health,match_rate,spike,2025-11,2025-11,1,0.8,0.78,6.28,high,robust_zscore
state+network,MS / CommonWell,coverage_rate,spike,2025-11,2025-11,1,0.425,0.404,6.7,high,robust_zscore
state+network,MS / CommonWell,match_rate,spike,2025-11,2025-11,1,0.763,0.734,4.88,high,robust_zscore
state+network,MS / PointClickCare,coverage_rate,drop,2025-07,2025-07,1,0.278,0.306,-4.42,high,robust_zscore
state+network,MT / CommonWell,median_freshness_days,drop,2026-05,2026-05,1,10.25,12.2,-4.05,high,robust_zscore
state+network,NC / Carequality,coverage_rate,drop,2026-02,2026-02,1,0.4,0.721,-6.91,high,robust_zscore
state+network,NC / Quest Labs,match_rate,drop,2025-12,2025-12,1,0.867,0.882,-4.15,high,robust_zscore
state+network,NC / Quest Labs,match_rate,spike,2025-08,2025-08,1,0.903,0.882,6.14,high,robust_zscore
state+network,NC / Quest Labs,match_rate,spike,2025-11,2025-11,1,0.899,0.882,4.96,high,robust_zscore
state+network,NJ / Quest Labs,match_rate,spike,2026-04,2026-04,1,0.819,0.794,4.15,high,robust_zscore
state+network,OH / Surescripts,match_rate,drop,2026-02,2026-02,1,0.832,0.859,-4.2,high,robust_zscore
state+network,OK / Carequality,median_freshness_days,spike,2026-04,2026-04,1,14.35,12.375,7.61,high,robust_zscore
state+network,OR / PointClickCare,coverage_rate,drop,2026-06,2026-06,1,0.076,0.302,,high,level_shift
state+network,TX / CommonWell,coverage_rate,spike,2025-10,2025-10,1,0.439,0.405,6.42,high,robust_zscore
state+network,TX / CommonWell,match_rate,spike,2025-10,2025-10,1,0.773,0.718,5.75,high,robust_zscore
state+network,TX / Surescripts,coverage_rate,spike,2026-06,2026-06,1,0.688,0.63,4.01,high,robust_zscore
state+network,VA / Carequality,coverage_rate,drop,2026-02,2026-02,1,0.374,0.675,-8.41,high,robust_zscore
state+network,WA / PointClickCare,coverage_rate,drop,2026-06,2026-06,1,0.074,0.308,,high,level_shift
state+network,WI / PointClickCare,coverage_rate,drop,2025-12,2025-12,1,0.352,0.399,-4.62,high,robust_zscore
network,CommonWell,coverage_rate,drop,2025-11,2026-02,4,0.476,0.492,-3.7,medium,robust_zscore
state+network,OK / Carequality,match_rate,drop,2025-11,2026-02,4,0.701,0.797,-2.86,medium,robust_zscore
state+network,OK / Surescripts,match_rate,drop,2025-11,2026-02,4,0.75,0.872,-3.97,medium,robust_zscore
state+network,WY / Bamboo Health,coverage_rate,drop,2025-11,2026-02,4,0.31,0.349,-2.81,medium,robust_zscore
state+network,AZ / Quest Labs,match_rate,spike,2026-04,2026-06,3,0.801,0.749,3.18,medium,robust_zscore
state+network,GA / Carequality,match_rate,drop,2025-11,2026-01,3,0.732,0.806,-2.8,medium,robust_zscore
network+data_type,Carequality / documents,coverage_rate,spike,2026-05,2026-06,2,0.637,0.58,3.35,medium,robust_zscore
network+data_type,Carequality / immunizations,coverage_rate,spike,2026-05,2026-06,2,0.678,0.617,2.88,medium,robust_zscore
network+data_type,Carequality / medications,coverage_rate,spike,2026-05,2026-06,2,0.674,0.615,3.04,medium,robust_zscore
network+data_type,CommonWell / encounters,median_freshness_days,spike,2025-10,2025-11,2,11.4,10.3,3.71,medium,robust_zscore
state+network,FL / Carequality,coverage_rate,spike,2026-05,2026-06,2,0.59,0.525,2.72,medium,robust_zscore
state+network,GA / PointClickCare,match_rate,drop,2025-12,2026-01,2,0.694,0.773,-3.18,medium,robust_zscore
state+network,IL / Surescripts,match_rate,spike,2026-03,2026-04,2,0.934,0.906,3.01,medium,robust_zscore
state+network,MT / Bamboo Health,match_rate,drop,2025-11,2025-12,2,0.569,0.713,-2.73,medium,robust_zscore
state+network,MT / Carequality,match_rate,drop,2026-01,2026-02,2,0.552,0.735,-2.99,medium,robust_zscore
state+network,NV / Surescripts,median_freshness_days,drop,2026-02,2026-03,2,2.1,2.625,-2.83,medium,robust_zscore
state+network,PA / CommonWell,match_rate,drop,2025-11,2025-12,2,0.67,0.734,-3.01,medium,robust_zscore
state+network,PA / PointClickCare,match_rate,drop,2026-01,2026-02,2,0.675,0.752,-3.51,medium,robust_zscore
state+network,WY / Carequality,median_freshness_days,spike,2025-10,2025-11,2,14.1,12.55,2.61,medium,robust_zscore
customer,Bluebird Palliativ,median_freshness_days,spike,2026-05,2026-05,1,11.85,10.225,3.13,medium,robust_zscore
customer,Cascade Kidney,coverage_rate,drop,2025-12,2025-12,1,0.553,0.566,-2.72,medium,robust_zscore
customer,Elation Direct,match_rate,drop,2025-07,2025-07,1,0.814,0.817,-2.86,medium,robust_zscore
customer,Elation Direct,match_rate,spike,2025-09,2025-09,1,0.821,0.817,3.01,medium,robust_zscore
customer,Elation Direct,match_rate,spike,2026-03,2026-03,1,0.821,0.817,2.71,medium,robust_zscore
customer,Harborview VBC,coverage_rate,spike,2026-06,2026-06,1,0.568,0.55,3.0,medium,robust_zscore
customer,Harborview VBC,median_freshness_days,spike,2026-04,2026-04,1,10.85,9.975,2.62,medium,robust_zscore
customer,Oak Grove Health,match_rate,drop,2026-04,2026-04,1,0.772,0.778,-2.87,medium,robust_zscore
customer,Oak Grove Health,median_freshness_days,spike,2026-05,2026-05,1,11.35,10.05,2.92,medium,robust_zscore
network,Bamboo Health,coverage_rate,drop,2025-11,2025-11,1,0.395,0.411,-3.32,medium,robust_zscore
network,Bamboo Health,coverage_rate,drop,2026-01,2026-01,1,0.398,0.411,-2.57,medium,robust_zscore
network,CommonWell,median_freshness_days,drop,2026-06,2026-06,1,11.9,12.3,-2.7,medium,robust_zscore
network,Surescripts,coverage_rate,drop,2025-11,2025-11,1,0.723,0.742,-2.84,medium,robust_zscore
network,Surescripts,median_freshness_days,drop,2025-09,2025-09,1,2.4,2.6,-2.7,medium,robust_zscore
network+data_type,Bamboo Health / adt_events,coverage_rate,drop,2025-11,2025-11,1,0.395,0.411,-3.32,medium,robust_zscore
network+data_type,Bamboo Health / adt_events,coverage_rate,drop,2026-01,2026-01,1,0.398,0.411,-2.57,medium,robust_zscore
network+data_type,Carequality / documents,median_freshness_days,drop,2025-07,2025-07,1,15.1,15.85,-2.53,medium,robust_zscore
network+data_type,Carequality / encounters,coverage_rate,spike,2026-06,2026-06,1,0.677,0.616,2.74,medium,robust_zscore
network+data_type,Carequality / labs,median_freshness_days,spike,2025-12,2025-12,1,3.3,3.1,2.7,medium,robust_zscore
network+data_type,CommonWell / conditions,median_freshness_days,drop,2026-06,2026-06,1,11.8,12.7,-3.04,medium,robust_zscore
network+data_type,CommonWell / immunizations,coverage_rate,drop,2025-12,2025-12,1,0.481,0.495,-2.71,medium,robust_zscore
network+data_type,CommonWell / immunizations,coverage_rate,drop,2026-02,2026-02,1,0.475,0.495,-3.74,medium,robust_zscore
network+data_type,CommonWell / labs,median_freshness_days,drop,2025-08,2025-08,1,3.0,3.2,-2.7,medium,robust_zscore
network+data_type,CommonWell / labs,median_freshness_days,drop,2025-10,2025-10,1,3.0,3.2,-2.7,medium,robust_zscore
network+data_type,Surescripts / medications,coverage_rate,drop,2025-11,2025-11,1,0.723,0.742,-2.84,medium,robust_zscore
network+data_type,Surescripts / medications,median_freshness_days,drop,2025-09,2025-09,1,2.4,2.6,-2.7,medium,robust_zscore
state+network,AL / Bamboo Health,coverage_rate,spike,2025-12,2025-12,1,0.412,0.381,2.69,medium,robust_zscore
state+network,AL / Bamboo Health,match_rate,spike,2025-07,2025-07,1,0.812,0.788,3.87,medium,robust_zscore
state+network,AL / CommonWell,match_rate,drop,2025-08,2025-08,1,0.726,0.756,-3.36,medium,robust_zscore
state+network,AL / CommonWell,match_rate,drop,2026-02,2026-02,1,0.733,0.756,-2.59,medium,robust_zscore
state+network,AL / CommonWell,median_freshness_days,spike,2025-07,2025-07,1,13.8,12.25,3.22,medium,robust_zscore
state+network,AL / Surescripts,median_freshness_days,spike,2026-04,2026-04,1,2.95,2.575,3.37,medium,robust_zscore
state+network,AZ / Carequality,median_freshness_days,spike,2025-09,2025-09,1,12.9,12.05,2.55,medium,robust_zscore
state+network,AZ / CommonWell,median_freshness_days,drop,2025-12,2025-12,1,10.75,12.45,-3.53,medium,robust_zscore
state+network,AZ / Surescripts,coverage_rate,spike,2025-08,2025-08,1,0.748,0.701,2.91,medium,robust_zscore
state+network,CA / Bamboo Health,match_rate,spike,2025-09,2025-09,1,0.807,0.792,2.55,medium,robust_zscore
state+network,CA / Bamboo Health,match_rate,spike,2026-05,2026-05,1,0.814,0.792,3.6,medium,robust_zscore
state+network,CA / CommonWell,match_rate,drop,2025-07,2025-07,1,0.743,0.754,-3.1,medium,robust_zscore
state+network,CA / CommonWell,median_freshness_days,drop,2025-08,2025-08,1,11.8,12.475,-2.6,medium,robust_zscore
state+network,CA / PointClickCare,coverage_rate,spike,2025-10,2025-10,1,0.383,0.364,3.44,medium,robust_zscore
state+network,CA / Quest Labs,coverage_rate,drop,2025-10,2025-10,1,0.365,0.385,-2.89,medium,robust_zscore
state+network,CA / Quest Labs,median_freshness_days,drop,2026-03,2026-03,1,2.95,3.2,-3.37,medium,robust_zscore
state+network,CA / Surescripts,coverage_rate,drop,2026-05,2026-05,1,0.761,0.776,-3.76,medium,robust_zscore
state+network,CA / Surescripts,match_rate,spike,2025-07,2025-07,1,0.901,0.877,3.12,medium,robust_zscore
state+network,CO / Bamboo Health,coverage_rate,spike,2025-10,2025-10,1,0.492,0.466,2.74,medium,robust_zscore
state+network,CO / CommonWell,median_freshness_days,spike,2025-11,2025-11,1,14.0,12.6,2.52,medium,robust_zscore
state+network,CO / PointClickCare,coverage_rate,drop,2026-02,2026-02,1,0.352,0.391,-2.74,medium,robust_zscore
state+network,CO / Surescripts,median_freshness_days,spike,2025-07,2025-07,1,3.2,2.475,2.79,medium,robust_zscore
state+network,FL / Quest Labs,coverage_rate,drop,2026-01,2026-01,1,0.35,0.38,-3.4,medium,robust_zscore
state+network,FL / Quest Labs,coverage_rate,spike,2026-03,2026-03,1,0.407,0.38,2.98,medium,robust_zscore
state+network,GA / Carequality,median_freshness_days,drop,2026-05,2026-05,1,11.1,12.75,-2.78,medium,robust_zscore
state+network,GA / CommonWell,match_rate,drop,2026-02,2026-02,1,0.676,0.736,-2.54,medium,robust_zscore
state+network,GA / CommonWell,median_freshness_days,drop,2025-07,2025-07,1,11.4,12.6,-2.94,medium,robust_zscore
state+network,GA / Surescripts,match_rate,drop,2026-01,2026-01,1,0.796,0.862,-2.51,medium,robust_zscore
state+network,GA / Surescripts,median_freshness_days,drop,2025-10,2025-10,1,2.4,2.875,-3.2,medium,robust_zscore
state+network,ID / Bamboo Health,coverage_rate,drop,2026-04,2026-04,1,0.314,0.331,-3.02,medium,robust_zscore
state+network,ID / Bamboo Health,coverage_rate,spike,2025-09,2025-09,1,0.347,0.331,2.61,medium,robust_zscore
state+network,ID / CommonWell,coverage_rate,spike,2026-02,2026-02,1,0.43,0.4,3.41,medium,robust_zscore
state+network,ID / CommonWell,match_rate,spike,2026-02,2026-02,1,0.742,0.703,3.23,medium,robust_zscore
state+network,ID / CommonWell,median_freshness_days,drop,2025-07,2025-07,1,9.6,12.2,-3.9,medium,robust_zscore
state+network,ID / CommonWell,median_freshness_days,drop,2025-12,2025-12,1,10.1,12.2,-3.15,medium,robust_zscore
state+network,ID / CommonWell,median_freshness_days,spike,2026-02,2026-02,1,14.7,12.2,3.75,medium,robust_zscore
state+network,IL / Bamboo Health,coverage_rate,drop,2026-03,2026-03,1,0.385,0.415,-3.26,medium,robust_zscore
state+network,IL / Bamboo Health,match_rate,spike,2026-05,2026-05,1,0.848,0.815,3.26,medium,robust_zscore
state+network,IL / CommonWell,coverage_rate,drop,2025-10,2025-10,1,0.495,0.511,-2.73,medium,robust_zscore
state+network,IL / CommonWell,coverage_rate,drop,2026-01,2026-01,1,0.492,0.511,-3.11,medium,robust_zscore
state+network,IL / CommonWell,coverage_rate,spike,2026-04,2026-04,1,0.529,0.511,2.97,medium,robust_zscore
state+network,IL / CommonWell,match_rate,drop,2026-01,2026-01,1,0.743,0.773,-3.39,medium,robust_zscore
state+network,IL / CommonWell,match_rate,spike,2026-04,2026-04,1,0.803,0.773,3.38,medium,robust_zscore
state+network,IL / Quest Labs,match_rate,drop,2025-09,2025-09,1,0.837,0.86,-3.08,medium,robust_zscore
state+network,IL / Quest Labs,match_rate,spike,2026-04,2026-04,1,0.879,0.86,2.58,medium,robust_zscore
state+network,KY / Bamboo Health,match_rate,spike,2025-07,2025-07,1,0.831,0.805,2.65,medium,robust_zscore
state+network,KY / Carequality,coverage_rate,drop,2025-08,2025-08,1,0.572,0.634,-2.72,medium,robust_zscore
state+network,KY / Carequality,match_rate,spike,2025-11,2025-11,1,0.858,0.827,2.65,medium,robust_zscore
state+network,KY / CommonWell,coverage_rate,spike,2025-12,2025-12,1,0.511,0.495,2.57,medium,robust_zscore
state+network,KY / CommonWell,coverage_rate,spike,2026-05,2026-05,1,0.514,0.495,3.0,medium,robust_zscore
state+network,KY / CommonWell,median_freshness_days,spike,2025-11,2025-11,1,13.6,12.25,2.6,medium,robust_zscore
state+network,KY / CommonWell,median_freshness_days,spike,2026-05,2026-05,1,13.6,12.25,2.6,medium,robust_zscore
state+network,KY / PointClickCare,match_rate,spike,2026-04,2026-04,1,0.82,0.79,3.03,medium,robust_zscore
state+network,KY / Quest Labs,match_rate,drop,2025-11,2025-11,1,0.821,0.858,-3.08,medium,robust_zscore
state+network,KY / Surescripts,coverage_rate,spike,2025-12,2025-12,1,0.797,0.737,3.71,medium,robust_zscore
state+network,KY / Surescripts,match_rate,spike,2025-07,2025-07,1,0.933,0.895,2.83,medium,robust_zscore
state+network,LA / CommonWell,coverage_rate,drop,2025-12,2025-12,1,0.442,0.459,-3.06,medium,robust_zscore
state+network,LA / CommonWell,median_freshness_days,drop,2025-08,2025-08,1,9.75,12.0,-3.37,medium,robust_zscore
state+network,MA / Bamboo Health,coverage_rate,drop,2025-08,2025-08,1,0.43,0.469,-2.73,medium,robust_zscore
state+network,MA / Bamboo Health,coverage_rate,drop,2025-11,2025-11,1,0.431,0.469,-2.7,medium,robust_zscore
state+network,MA / Carequality,match_rate,drop,2025-11,2025-11,1,0.787,0.821,-2.51,medium,robust_zscore
state+network,MA / PointClickCare,coverage_rate,drop,2025-12,2025-12,1,0.362,0.394,-2.63,medium,robust_zscore
state+network,MD / Bamboo Health,coverage_rate,drop,2025-12,2025-12,1,0.426,0.483,-2.73,medium,robust_zscore
state+network,MD / CommonWell,coverage_rate,drop,2025-11,2025-11,1,0.57,0.586,-4.0,medium,robust_zscore
state+network,MD / Quest Labs,match_rate,spike,2026-04,2026-04,1,0.912,0.88,2.52,medium,robust_zscore
state+network,MI / Bamboo Health,match_rate,spike,2026-06,2026-06,1,0.824,0.774,2.92,medium,robust_zscore
state+network,MI / Carequality,median_freshness_days,spike,2025-07,2025-07,1,15.1,12.65,2.75,medium,robust_zscore
state+network,MI / Carequality,median_freshness_days,spike,2026-02,2026-02,1,15.3,12.65,2.98,medium,robust_zscore
state+network,MI / CommonWell,median_freshness_days,spike,2026-04,2026-04,1,14.1,12.25,2.77,medium,robust_zscore
state+network,MI / PointClickCare,match_rate,drop,2025-11,2025-11,1,0.735,0.763,-3.42,medium,robust_zscore
state+network,MI / PointClickCare,match_rate,spike,2025-07,2025-07,1,0.788,0.763,3.06,medium,robust_zscore
state+network,MI / Quest Labs,match_rate,spike,2025-08,2025-08,1,0.842,0.815,2.61,medium,robust_zscore
state+network,MI / Surescripts,coverage_rate,drop,2026-03,2026-03,1,0.769,0.806,-3.81,medium,robust_zscore
state+network,MS / PointClickCare,coverage_rate,spike,2025-11,2025-11,1,0.322,0.306,2.63,medium,robust_zscore
state+network,MS / PointClickCare,match_rate,drop,2025-07,2025-07,1,0.735,0.759,-3.52,medium,robust_zscore
state+network,MS / Quest Labs,match_rate,drop,2026-02,2026-02,1,0.793,0.813,-3.6,medium,robust_zscore
state+network,MS / Quest Labs,match_rate,spike,2025-09,2025-09,1,0.827,0.813,2.77,medium,robust_zscore
state+network,MS / Surescripts,coverage_rate,drop,2026-04,2026-04,1,0.613,0.657,-3.03,medium,robust_zscore
state+network,MT / Bamboo Health,match_rate,drop,2026-02,2026-02,1,0.569,0.713,-2.74,medium,robust_zscore
state+network,MT / CommonWell,median_freshness_days,spike,2025-10,2025-10,1,13.7,12.2,3.11,medium,robust_zscore
state+network,NC / Bamboo Health,coverage_rate,drop,2026-04,2026-04,1,0.448,0.475,-2.5,medium,robust_zscore
state+network,NC / Bamboo Health,match_rate,spike,2025-12,2025-12,1,0.856,0.838,2.59,medium,robust_zscore
state+network,NC / Carequality,median_freshness_days,drop,2025-07,2025-07,1,9.8,11.75,-2.63,medium,robust_zscore
state+network,NC / CommonWell,coverage_rate,drop,2026-03,2026-03,1,0.559,0.574,-2.61,medium,robust_zscore
state+network,NC / CommonWell,coverage_rate,spike,2025-07,2025-07,1,0.59,0.574,2.95,medium,robust_zscore
state+network,NC / PointClickCare,match_rate,spike,2026-02,2026-02,1,0.849,0.815,2.73,medium,robust_zscore
state+network,NC / Quest Labs,match_rate,drop,2026-02,2026-02,1,0.87,0.882,-3.36,medium,robust_zscore
state+network,NC / Quest Labs,match_rate,spike,2026-01,2026-01,1,0.895,0.882,3.81,medium,robust_zscore
state+network,NJ / Carequality,match_rate,drop,2025-10,2025-10,1,0.742,0.776,-2.58,medium,robust_zscore
state+network,NJ / PointClickCare,coverage_rate,drop,2026-04,2026-04,1,0.304,0.333,-2.59,medium,robust_zscore
state+network,NJ / Quest Labs,coverage_rate,spike,2026-04,2026-04,1,0.477,0.431,2.52,medium,robust_zscore
state+network,NM / CommonWell,median_freshness_days,spike,2025-07,2025-07,1,13.35,11.875,3.06,medium,robust_zscore
state+network,NM / Quest Labs,coverage_rate,drop,2025-10,2025-10,1,0.286,0.312,-3.05,medium,robust_zscore
state+network,NM / Quest Labs,coverage_rate,drop,2026-01,2026-01,1,0.281,0.312,-3.73,medium,robust_zscore
state+network,NM / Quest Labs,coverage_rate,spike,2025-12,2025-12,1,0.333,0.312,2.55,medium,robust_zscore
state+network,NV / CommonWell,median_freshness_days,drop,2025-09,2025-09,1,10.9,12.55,-2.62,medium,robust_zscore
state+network,NV / CommonWell,median_freshness_days,spike,2025-12,2025-12,1,14.3,12.55,2.78,medium,robust_zscore
state+network,NV / Surescripts,median_freshness_days,spike,2025-07,2025-07,1,3.2,2.625,3.1,medium,robust_zscore
state+network,NY / Bamboo Health,coverage_rate,drop,2025-10,2025-10,1,0.424,0.452,-2.6,medium,robust_zscore
state+network,NY / Bamboo Health,match_rate,spike,2025-11,2025-11,1,0.818,0.783,2.85,medium,robust_zscore
state+network,NY / Carequality,match_rate,spike,2026-04,2026-04,1,0.842,0.798,2.84,medium,robust_zscore
state+network,NY / CommonWell,coverage_rate,spike,2025-10,2025-10,1,0.576,0.549,2.79,medium,robust_zscore
state+network,NY / CommonWell,median_freshness_days,spike,2026-04,2026-04,1,14.6,12.15,2.54,medium,robust_zscore
state+network,NY / Quest Labs,match_rate,spike,2025-11,2025-11,1,0.864,0.828,2.92,medium,robust_zscore
state+network,OH / CommonWell,coverage_rate,spike,2026-04,2026-04,1,0.533,0.513,2.6,medium,robust_zscore
state+network,OH / CommonWell,match_rate,spike,2025-08,2025-08,1,0.758,0.733,3.56,medium,robust_zscore
state+network,OH / CommonWell,match_rate,spike,2026-04,2026-04,1,0.754,0.733,2.96,medium,robust_zscore
state+network,OH / PointClickCare,coverage_rate,drop,2025-11,2025-11,1,0.316,0.36,-3.35,medium,robust_zscore
state+network,OH / Surescripts,coverage_rate,drop,2026-02,2026-02,1,0.744,0.773,-2.8,medium,robust_zscore
state+network,OH / Surescripts,match_rate,spike,2026-03,2026-03,1,0.886,0.859,3.92,medium,robust_zscore
state+network,OK / Carequality,median_freshness_days,spike,2025-12,2025-12,1,13.15,12.375,2.99,medium,robust_zscore
state+network,OK / PointClickCare,match_rate,drop,2026-02,2026-02,1,0.666,0.771,-2.55,medium,robust_zscore
state+network,OR / Carequality,median_freshness_days,drop,2026-06,2026-06,1,11.2,12.25,-2.83,medium,robust_zscore
state+network,OR / Carequality,median_freshness_days,spike,2026-02,2026-02,1,13.5,12.25,3.37,medium,robust_zscore
state+network,OR / CommonWell,coverage_rate,spike,2026-05,2026-05,1,0.541,0.522,3.42,medium,robust_zscore
state+network,OR / Quest Labs,match_rate,drop,2025-08,2025-08,1,0.806,0.833,-3.5,medium,robust_zscore
state+network,PA / Carequality,median_freshness_days,drop,2025-10,2025-10,1,11.1,12.55,-2.79,medium,robust_zscore
state+network,PA / Carequality,median_freshness_days,spike,2026-01,2026-01,1,14.05,12.55,2.89,medium,robust_zscore
state+network,PA / CommonWell,match_rate,drop,2026-02,2026-02,1,0.67,0.734,-3.03,medium,robust_zscore
state+network,PA / PointClickCare,match_rate,drop,2025-11,2025-11,1,0.694,0.752,-2.67,medium,robust_zscore
state+network,TN / Bamboo Health,match_rate,drop,2026-02,2026-02,1,0.787,0.811,-2.62,medium,robust_zscore
state+network,TN / Carequality,match_rate,drop,2025-11,2025-11,1,0.785,0.825,-2.92,medium,robust_zscore
state+network,TN / Carequality,median_freshness_days,drop,2026-02,2026-02,1,11.3,12.25,-2.56,medium,robust_zscore
state+network,TN / Carequality,median_freshness_days,drop,2026-05,2026-05,1,11.2,12.25,-2.83,medium,robust_zscore
state+network,TN / Carequality,median_freshness_days,spike,2025-09,2025-09,1,13.25,12.25,2.7,medium,robust_zscore
state+network,TN / CommonWell,coverage_rate,spike,2026-05,2026-05,1,0.534,0.505,2.5,medium,robust_zscore
state+network,TN / PointClickCare,match_rate,drop,2025-11,2025-11,1,0.736,0.779,-2.73,medium,robust_zscore
state+network,TN / Surescripts,match_rate,drop,2025-11,2025-11,1,0.852,0.888,-3.12,medium,robust_zscore
state+network,TN / Surescripts,match_rate,drop,2026-02,2026-02,1,0.848,0.888,-3.42,medium,robust_zscore
state+network,TX / Carequality,coverage_rate,spike,2026-06,2026-06,1,0.569,0.507,2.84,medium,robust_zscore
state+network,TX / CommonWell,coverage_rate,drop,2026-02,2026-02,1,0.39,0.405,-2.86,medium,robust_zscore
state+network,TX / Quest Labs,coverage_rate,drop,2026-01,2026-01,1,0.233,0.254,-2.58,medium,robust_zscore
state+network,TX / Quest Labs,coverage_rate,spike,2026-05,2026-05,1,0.281,0.254,3.29,medium,robust_zscore
state+network,TX / Surescripts,coverage_rate,drop,2026-01,2026-01,1,0.591,0.63,-2.72,medium,robust_zscore
state+network,TX / Surescripts,match_rate,drop,2026-02,2026-02,1,0.797,0.829,-2.82,medium,robust_zscore
state+network,TX / Surescripts,match_rate,spike,2026-06,2026-06,1,0.858,0.829,2.55,medium,robust_zscore
state+network,UT / Bamboo Health,coverage_rate,drop,2025-07,2025-07,1,0.382,0.4,-2.61,medium,robust_zscore
state+network,UT / Bamboo Health,coverage_rate,drop,2025-09,2025-09,1,0.373,0.4,-3.94,medium,robust_zscore
state+network,UT / Carequality,median_freshness_days,spike,2026-05,2026-05,1,14.85,12.3,2.55,medium,robust_zscore
state+network,UT / CommonWell,coverage_rate,drop,2026-04,2026-04,1,0.472,0.483,-2.51,medium,robust_zscore
state+network,UT / CommonWell,coverage_rate,spike,2025-08,2025-08,1,0.494,0.483,2.71,medium,robust_zscore
state+network,UT / CommonWell,match_rate,drop,2026-04,2026-04,1,0.741,0.758,-2.86,medium,robust_zscore
state+network,UT / CommonWell,median_freshness_days,spike,2026-04,2026-04,1,13.35,12.075,2.87,medium,robust_zscore
state+network,UT / Surescripts,match_rate,drop,2025-07,2025-07,1,0.856,0.875,-3.77,medium,robust_zscore
state+network,UT / Surescripts,match_rate,spike,2026-04,2026-04,1,0.894,0.875,3.68,medium,robust_zscore
state+network,VA / Bamboo Health,coverage_rate,spike,2025-08,2025-08,1,0.479,0.443,2.89,medium,robust_zscore
state+network,VA / Quest Labs,match_rate,spike,2025-07,2025-07,1,0.905,0.873,2.54,medium,robust_zscore
state+network,VA / Quest Labs,median_freshness_days,drop,2026-06,2026-06,1,2.6,3.65,-3.54,medium,robust_zscore
state+network,WA / Bamboo Health,match_rate,spike,2025-07,2025-07,1,0.82,0.788,2.71,medium,robust_zscore
state+network,WA / Carequality,median_freshness_days,drop,2026-04,2026-04,1,11.4,12.475,-3.22,medium,robust_zscore
state+network,WA / PointClickCare,match_rate,drop,2026-02,2026-02,1,0.755,0.776,-2.58,medium,robust_zscore
state+network,WA / Quest Labs,coverage_rate,drop,2026-06,2026-06,1,0.422,0.447,-3.61,medium,robust_zscore
state+network,WA / Surescripts,coverage_rate,spike,2025-11,2025-11,1,0.803,0.773,2.54,medium,robust_zscore
state+network,WI / CommonWell,median_freshness_days,drop,2025-12,2025-12,1,10.4,12.95,-3.13,medium,robust_zscore
state+network,WI / CommonWell,median_freshness_days,spike,2026-05,2026-05,1,15.5,12.95,3.13,medium,robust_zscore
state+network,WI / Surescripts,match_rate,drop,2025-08,2025-08,1,0.893,0.931,-2.85,medium,robust_zscore
state+network,WI / Surescripts,match_rate,drop,2025-11,2025-11,1,0.894,0.931,-2.76,medium,robust_zscore
state+network,WY / Carequality,median_freshness_days,drop,2025-09,2025-09,1,10.8,12.55,-2.95,medium,robust_zscore
state+network,WY / CommonWell,match_rate,drop,2025-11,2025-11,1,0.685,0.742,-2.7,medium,robust_zscore
state+network,WY / Quest Labs,coverage_rate,drop,2026-01,2026-01,1,0.247,0.307,-3.12,medium,robust_zscore
